input_data_arr0_0,input_data_arr0_1,input_data_arr0_2,input_data_arr0_3,input_data_arr1_0,input_data_arr1_1,input_data_arr1_2,input_data_arr1_3,index_i,index_j,acc_type,write_enable
0,1,2,3,10,11,12,13,0,0,0,65535
4,5,6,7,14,15,16,17,0,4,0,65535
8,9,10,11,18,19,20,21,0,8,0,65535
20,21,22,23,30,31,32,33,2,0,0,65535
24,25,26,27,34,35,36,37,2,4,0,65535
28,29,30,31,38,39,40,41,2,8,0,65535
40,41,42,43,50,51,52,53,4,0,0,65535
44,45,46,47,54,55,56,57,4,4,0,65535
48,49,50,51,58,59,60,61,4,8,0,65535
60,61,62,63,70,71,72,73,6,0,0,65535
64,65,66,67,74,75,76,77,6,4,0,65535
68,69,70,71,78,79,80,81,6,8,0,65535
80,81,82,83,90,91,92,93,8,0,0,65535
84,85,86,87,94,95,96,97,8,4,0,65535
88,89,90,91,98,99,0,0,8,8,0,65535
80,81,82,83,90,91,92,93,8,0,0,1
84,85,86,87,94,95,96,97,8,4,0,1
88,89,90,91,98,99,0,0,8,8,0,1
0,0,0,0,0,0,0,0,0,0,0,0
0,0,0,0,0,0,0,0,0,1,0,0
0,0,0,0,0,0,0,0,0,2,0,0
0,0,0,0,0,0,0,0,0,3,0,0
0,0,0,0,0,0,0,0,0,4,0,0
0,0,0,0,0,0,0,0,0,5,0,0
0,0,0,0,0,0,0,0,0,6,0,0
0,0,0,0,0,0,0,0,1,0,0,0
0,0,0,0,0,0,0,0,1,1,0,0
0,0,0,0,0,0,0,0,1,2,0,0
0,0,0,0,0,0,0,0,1,3,0,0
0,0,0,0,0,0,0,0,1,4,0,0
0,0,0,0,0,0,0,0,1,5,0,0
0,0,0,0,0,0,0,0,1,6,0,0
0,0,0,0,0,0,0,0,2,0,0,0
0,0,0,0,0,0,0,0,2,1,0,0
0,0,0,0,0,0,0,0,2,2,0,0
0,0,0,0,0,0,0,0,2,3,0,0
0,0,0,0,0,0,0,0,2,4,0,0
0,0,0,0,0,0,0,0,2,5,0,0
0,0,0,0,0,0,0,0,2,6,0,0
0,0,0,0,0,0,0,0,3,0,0,0
0,0,0,0,0,0,0,0,3,1,0,0
0,0,0,0,0,0,0,0,3,2,0,0
0,0,0,0,0,0,0,0,3,3,0,0
0,0,0,0,0,0,0,0,3,4,0,0
0,0,0,0,0,0,0,0,3,5,0,0
0,0,0,0,0,0,0,0,3,6,0,0
0,0,0,0,0,0,0,0,4,0,0,0
0,0,0,0,0,0,0,0,4,1,0,0
0,0,0,0,0,0,0,0,4,2,0,0
0,0,0,0,0,0,0,0,4,3,0,0
0,0,0,0,0,0,0,0,4,4,0,0
0,0,0,0,0,0,0,0,4,5,0,0
0,0,0,0,0,0,0,0,4,6,0,0
0,0,0,0,0,0,0,0,5,0,0,0
0,0,0,0,0,0,0,0,5,1,0,0
0,0,0,0,0,0,0,0,5,2,0,0
0,0,0,0,0,0,0,0,5,3,0,0
0,0,0,0,0,0,0,0,5,4,0,0
0,0,0,0,0,0,0,0,5,5,0,0
0,0,0,0,0,0,0,0,5,6,0,0
0,0,0,0,0,0,0,0,6,0,0,0
0,0,0,0,0,0,0,0,6,1,0,0
0,0,0,0,0,0,0,0,6,2,0,0
0,0,0,0,0,0,0,0,6,3,0,0
0,0,0,0,0,0,0,0,6,4,0,0
0,0,0,0,0,0,0,0,6,5,0,0
0,0,0,0,0,0,0,0,6,6,0,0
0,0,0,0,0,0,0,0,7,0,0,0
0,0,0,0,0,0,0,0,7,1,0,0
0,0,0,0,0,0,0,0,7,2,0,0
0,0,0,0,0,0,0,0,7,3,0,0
0,0,0,0,0,0,0,0,7,4,0,0
0,0,0,0,0,0,0,0,7,5,0,0
0,0,0,0,0,0,0,0,7,6,0,0
0,0,0,0,0,0,0,0,8,0,0,0
0,0,0,0,0,0,0,0,8,1,0,0
0,0,0,0,0,0,0,0,8,2,0,0
0,0,0,0,0,0,0,0,8,3,0,0
0,0,0,0,0,0,0,0,8,4,0,0
0,0,0,0,0,0,0,0,8,5,0,0
0,0,0,0,0,0,0,0,8,6,0,0
0,0,0,0,0,0,0,0,0,0,2,0
0,0,0,0,0,0,0,0,0,1,2,0
0,0,0,0,0,0,0,0,0,2,2,0
0,0,0,0,0,0,0,0,0,3,2,0
0,0,0,0,0,0,0,0,0,4,2,0
0,0,0,0,0,0,0,0,0,5,2,0
0,0,0,0,0,0,0,0,0,6,2,0
0,0,0,0,0,0,0,0,0,7,2,0
0,0,0,0,0,0,0,0,0,8,2,0
0,0,0,0,0,0,0,0,0,9,2,0
0,0,0,0,0,0,0,0,1,0,2,0
0,0,0,0,0,0,0,0,1,1,2,0
0,0,0,0,0,0,0,0,1,2,2,0
0,0,0,0,0,0,0,0,1,3,2,0
0,0,0,0,0,0,0,0,1,4,2,0
0,0,0,0,0,0,0,0,1,5,2,0
0,0,0,0,0,0,0,0,1,6,2,0
0,0,0,0,0,0,0,0,1,7,2,0
0,0,0,0,0,0,0,0,1,8,2,0
0,0,0,0,0,0,0,0,1,9,2,0
0,0,0,0,0,0,0,0,2,0,2,0
0,0,0,0,0,0,0,0,2,1,2,0
0,0,0,0,0,0,0,0,2,2,2,0
0,0,0,0,0,0,0,0,2,3,2,0
0,0,0,0,0,0,0,0,2,4,2,0
0,0,0,0,0,0,0,0,2,5,2,0
0,0,0,0,0,0,0,0,2,6,2,0
0,0,0,0,0,0,0,0,2,7,2,0
0,0,0,0,0,0,0,0,2,8,2,0
0,0,0,0,0,0,0,0,2,9,2,0
0,0,0,0,0,0,0,0,0,0,3,0
0,0,0,0,0,0,0,0,0,1,3,0
0,0,0,0,0,0,0,0,0,2,3,0
0,0,0,0,0,0,0,0,1,0,3,0
0,0,0,0,0,0,0,0,1,1,3,0
0,0,0,0,0,0,0,0,1,2,3,0
0,0,0,0,0,0,0,0,2,0,3,0
0,0,0,0,0,0,0,0,2,1,3,0
0,0,0,0,0,0,0,0,2,2,3,0
0,0,0,0,0,0,0,0,0,0,4,0
0,0,0,0,0,0,0,0,0,1,4,0
0,0,0,0,0,0,0,0,0,2,4,0
0,0,0,0,0,0,0,0,0,3,4,0
0,0,0,0,0,0,0,0,0,4,4,0
0,0,0,0,0,0,0,0,0,5,4,0
0,0,0,0,0,0,0,0,0,6,4,0
0,0,0,0,0,0,0,0,0,7,4,0
0,0,0,0,0,0,0,0,0,8,4,0
0,0,0,0,0,0,0,0,0,9,4,0
0,0,0,0,0,0,0,0,1,0,4,0
0,0,0,0,0,0,0,0,1,1,4,0
0,0,0,0,0,0,0,0,1,2,4,0
0,0,0,0,0,0,0,0,1,3,4,0
0,0,0,0,0,0,0,0,1,4,4,0
0,0,0,0,0,0,0,0,1,5,4,0
0,0,0,0,0,0,0,0,1,6,4,0
0,0,0,0,0,0,0,0,1,7,4,0
0,0,0,0,0,0,0,0,1,8,4,0
0,0,0,0,0,0,0,0,1,9,4,0
0,0,0,0,0,0,0,0,2,0,4,0
0,0,0,0,0,0,0,0,2,1,4,0
0,0,0,0,0,0,0,0,2,2,4,0
0,0,0,0,0,0,0,0,2,3,4,0
0,0,0,0,0,0,0,0,2,4,4,0
0,0,0,0,0,0,0,0,2,5,4,0
0,0,0,0,0,0,0,0,2,6,4,0
0,0,0,0,0,0,0,0,2,7,4,0
0,0,0,0,0,0,0,0,2,8,4,0
0,0,0,0,0,0,0,0,2,9,4,0
